Amélie de Montchalin;ameli də mɔ̃tʃalɛ̃
de Montchalin;də mɔ̃tʃalɛ̃
Yannick Neuder;iɑ̃nikk nœde
Neuder;nœde
Alexandra Martin (Alpes-Maritimes);alɛxɑ̃dra martɛ̃ (alpəmaritim)
Martin (Alpes-Maritimes);martɛ̃ (alpəmaritim)
Jean-Claude Anglars;ʒəɑ̃klod ɑ̃ɡlar
Anglars;ɑ̃ɡlar
Sabine Drexler;sabinə drɛxle
Drexler;drɛxle
Anne-Laure Blin;ɑ̃nəlorə blɛ̃
Blin;blɛ̃
Joël Guerriau;ʒɔɛl ɡyɛrrio
Guerriau;ɡyɛrrio
Franck Menonville;frɑ̃kk mɛnɔ̃vij
Menonville;mənɔ̃vij
Christophe-André Frassa;ʃristɔfəɑ̃dre frasa
Frassa;frasa
Thomas Mesnier;tɔma mɛsní
Mesnier;mɛsní
Jacques Le Nay;ʒakk lə nɛ
Le Nay;lə nɛ
Georges Naturel;ʒɔrʒə natyrɛl
Naturel;natyrɛl
Jean-Marie Janssens;ʒəɑ̃mari ʒɑ̃sɑ̃
Janssens;ʒɑ̃sɑ̃
Esther Benbassa;ɛste bɑ̃basa
Benbassa;bɑ̃basa
Sabine Thillaye;sabinə tilɛ
Thillaye;tilɛ
Isabelle Briquet;izabələ brikɛt
Briquet;brikɛt
Kévin Mauvieux;kevɛ̃ movjœ
Mauvieux;movjœ
Marianne Margaté;mariɑ̃nə marɡate
Margaté;marɡate
Frédéric Falcon;frederik falkɔ̃
Falcon;falkɔ̃
Vincent Ledoux;vɛ̃kɛn lɛdu
Ledoux;lədu
Joël Giraud;ʒɔɛl ʒiro
Giraud;ʒiro
Marine Hamelet;marin aməlɛt
Hamelet;aməlɛt
Guy Bricout;ɡyi briku
Bricout;briku
Boris Vallaud;bɔri valo
Vallaud;valo
Maxime Laisney;maximə lɛsnɛ
Laisney;lɛsnɛ
Joëlle Mélin;ʒɔɛlə melɛ̃
Mélin;melɛ̃
Yannick Vaugrenard;iɑ̃nikk voɡrɛnar
Vaugrenard;voɡrɛnar
Marianne Maximi;mariɑ̃nə maximi
Maximi;maximi
Gilbert Bouchet;ʒilbɛr buʃɛt
Bouchet;buʃɛt
Maxime Minot;maximə minɔ
Minot;minɔ
Monique Iborra;mɔnik ibɔrra
Iborra;ibɔrra
Sébastien Lecornu;sebastjɑ̃ lɛkɔrny
Lecornu;ləkɔrny
Nathalie Da Conceicao Carvalho;natali da kɔ̃sɛkaɔ karvalɔ
Da Conceicao Carvalho;da kɔ̃sɛkaɔ karvalɔ
Mickaël Vallet;mikkaə̈l valɛt
Vallet;valɛt
Véronique Riotton;verɔnikə riɔtɔ̃
Riotton;riɔtɔ̃
Annie Delmont-Koropoulis;ɑ̃ni dɛlmɔ̃tkɔrɔpuli
Delmont-Koropoulis;dɛlmɔ̃tkɔrɔpuli
Pierre Morel-À-L'Huissier;piɛrrə mɔrɛlal'ɥisí
Morel-À-L'Huissier;mɔrɛlal'ɥisí
Rima Abdul-Malak;rima abdylmalak
Abdul-Malak;abdylmalak
Pierre Cuypers;piɛrrə kɥipɛr
Cuypers;kɥipɛr
Christian Girard;ʃristjɑ̃ ʒirar
Girard;ʒirar
Daniel Salmon;daniɛl salmɔ̃
Salmon;salmɔ̃
Alexandra Martin (Gironde);alɛxɑ̃dra martɛ̃ (ʒirɔ̃də)
Martin (Gironde);martɛ̃ (ʒirɔ̃də)
Cyril Pellevat;siril pəlɛva
Pellevat;pəlɛva
Thierry Meignen;tiɛrri mɛɲɑ̃
Meignen;mɛɲɑ̃
Xavier Albertini;ksaví albɛrtini
Albertini;albɛrtini
Clémence Guetté;klemɑ̃sə ɡyɛte
Guetté;ɡyɛte
Pierre Henriet;piɛrr ɑ̃riɛt
Henriet;ɑ̃riɛt
Joël Bigot;ʒɔɛl biɡɔ
Bigot;biɡɔ
Pap Ndiaye;pa ndiɛ
Ndiaye;ndiɛ
Xavier Batut;ksaví baty
Batut;baty
Aurélien Saintoul;oreliɑ̃ sɛ̃tul
Saintoul;sɛ̃tul
David Assouline;davi asulin
Assouline;asulin
Johnny Hajjar;ʒɔni aʒʒar
Hajjar;aʒʒar
Michelle Meunier;miʃɛlə mœní
Meunier;mœní
Didier Rambaud;didí rɑ̃bo
Rambaud;rɑ̃bo
Nicolas Turquois;nikɔla tyrkwa
Turquois;tyrkwa
Andrée Taurinya;ɑ̃dre torinia
Taurinya;torinia
Damien Abad;damiɑ̃ aba
Abad;aba
Alexis Izard;alɛxi izar
Izard;izar
Marie-Claude Lermytte;mariklodə lɛrmit
Lermytte;lɛrmit
Anne Chain-Larché;ɑ̃nə ʃɛ̃larʃe
Chain-Larché;ʃɛ̃larʃe
Eléonore Caroit;əleɔnɔrə karwat
Caroit;karwat
Émilie Bonnivard;emili bɔ̃nivar
Bonnivard;bɔ̃nivar
Grégoire de Fournas;ɡreɡwarə də furna
de Fournas;də furna
Frédérique Espagnac;frederik ɛspaɲak
Espagnac;ɛspaɲak
Christophe Plassard;ʃristɔfə plasar
Plassard;plasar
Romain Daubié;rɔmɛ̃ dobí
Daubié;dobí
Arnaud Le Gall;arno lə ɡal
Le Gall;lə ɡal
Mathilde Ollivier;matild ɔliví
Ollivier;ɔliví
Olivier Cigolotti;ɔliví siɡɔlɔti
Cigolotti;siɡɔlɔti
Bertrand Sorre;bɛrtrɑ̃d sɔrr
Sorre;sɔrr
François Ruffin;frɑ̃swa ryfɛ̃
Ruffin;ryfɛ̃
Barbara Pompili;barbara pɔ̃pili
Pompili;pɔ̃pili
Éric Gold;erik ɡɔld
Gold;ɡɔld
Gisèle Jourda;ʒizɛlə ʒurda
Jourda;ʒurda
Géraldine Bannier;ʒeraldinə bɑ̃ní
Bannier;bɑ̃ní
Gérard Leseul;ʒerar lɛzœl
Leseul;ləzœl
Laurence Cristol;lorɑ̃sə kristɔl
Cristol;kristɔl
André Vallini;ɑ̃dre valini
Vallini;valini
Bruno Fuchs;brynɔ fyʃ
Fuchs;fyʃ
Sabrina Sebaihi;sabrina sɛbɛi
Sebaihi;səbɛi
Paul Midy;pol midi
Midy;midi
Anne Brugnera;ɑ̃nə bryɲɛra
Brugnera;bryɲɛra
Olivier Dussopt;ɔliví dysɔp
Dussopt;dysɔp
Andy Kerbrat;ɑ̃di kɛrbra
Kerbrat;kɛrbra
Julien Bayou;ʒyliɑ̃ bɛu
Bayou;bɛu
Francis Dubois;frɑ̃si dybwa
Dubois;dybwa
Dominique Estrosi Sassone;dɔminik ɛstrɔzi sasɔn
Estrosi Sassone;ɛstrɔzi sasɔn
Valérie Létard;valeri letar
Létard;letar
Thomas Rudigoz;tɔma rydiɡɔz
Rudigoz;rydiɡɔz
Frédéric Zgainski;frederik zɡɛ̃ski
Zgainski;zɡɛ̃ski
Aurore Bergé;orɔrə bɛrʒe
Bergé;bɛrʒe
Jérémie Iordanoff;ʒeremi iɔrdanɔf
Iordanoff;iɔrdanɔf
Sébastien Peytavie;sebastjɑ̃ pɛtavi
Peytavie;pɛtavi
Jérémy Bacchi;ʒeremi bakʃi
Bacchi;bakʃi
Christopher Weissberg;ʃristɔfe wɛsbɛrɡ
Weissberg;wɛsbɛrɡ
Yves Détraigne;yvə detrɛɲ
Détraigne;detrɛɲ
Jérôme Buisson;ʒeromə bɥisɔ̃
Buisson;bɥisɔ̃
Éric Pauget;erik poʒɛt
Pauget;poʒɛt
Bastien Lachaud;bastjɑ̃ laʃo
Lachaud;laʃo
Luc Lamirault;lyk lamirol
Lamirault;lamirol
Marie-Jeanne Bellamy;mariʒəɑ̃nə bɛlami
Bellamy;bəlami
Daniel Fargeot;daniɛl farʒɔ
Fargeot;farʒɔ
Olivier Klein;ɔliví klɛ̃
Klein;klɛ̃
Emeline K/Bidi;əmɛlinə k/bidi
K/Bidi;k/bidi
Alain Chatillon;alɛ̃ ʃatilɔ̃
Chatillon;ʃatilɔ̃
Julien Bargeton;ʒyliɑ̃ barʒɛtɔ̃
Bargeton;barʒɛtɔ̃
Pascale Boyer;paskalə bwá
Boyer;bwá
Karine Lebon;karinə lɛbɔ̃
Lebon;ləbɔ̃
Françoise Dumont;frɑ̃swazə dymɔ̃t
Dumont;dymɔ̃t
Dominique Potier;dɔminikə pɔtje
Potier;pɔtje
Romain Baubry;rɔmɛ̃ bobri
Baubry;bobri
Michel Sala;miʃɛl sala
Sala;sala
Jean-Pierre Moga;ʒəɑ̃piɛrrə mɔɡa
Moga;mɔɡa
Pierre-Henri Dumont;piɛrrəɑ̃ri dymɔ̃t
Caroline Colombier;karɔlinə kɔlɔ̃bí
Colombier;kɔlɔ̃bí
Mounir Belhamiti;munir bɛlamitj
Belhamiti;bəlamitj
Bertrand Petit;bɛrtrɑ̃d pɛtit
Petit;pətit
Anne Ventalon;ɑ̃nə vɑ̃talɔ̃
Ventalon;vɑ̃talɔ̃
Prisca Thevenot;priska təvɛnɔ
Thevenot;təvɛnɔ
Françoise Buffet;frɑ̃swazə byfɛt
Buffet;byfɛt
Alain Cazabonne;alɛ̃ kazabɔ̃n
Cazabonne;kazabɔ̃n
Bruno Le Maire;brynɔ lə mɛr
Le Maire;lə mɛr
José Gonzalez;ʒɔze ɡɔ̃zale
Gonzalez;ɡɔ̃zale
Paul-André Colombani;polɑ̃dre kɔlɔ̃bani
Colombani;kɔlɔ̃bani
Fabien Gay;fabiɑ̃ ɡɛ
Gay;ɡɛ
Marc Laménie;mark lameni
Laménie;lameni
Fabien Roussel;fabiɑ̃ rusɛl
Roussel;rusɛl
Nicolas Thierry;nikɔla tiɛrri
Thierry;tiɛrri
Isabelle Florennes;izabələ flɔrɑ̃n
Florennes;flɔrɑ̃n
Brigitte Liso;briʒitə lizɔ
Liso;lizɔ
Jean-François Rousset;ʒəɑ̃frɑ̃swa rusɛt
Rousset;rusɛt
Jean-François Carenco;ʒəɑ̃frɑ̃swa karɑ̃kɔ
Carenco;karɑ̃kɔ
Khalifé Khalifé;kalife kalife
Khalifé;kalife
Jean-Louis Thiériot;ʒəɑ̃lwi tíriɔ
Thiériot;tíriɔ
Loïc Kervran;loik kɛrvrɑ̃
Kervran;kɛrvrɑ̃
Jean Hingray;ʒəɑ̃ ɛ̃ɡrɛ
Hingray;ɛ̃ɡrɛ
Fabienne Colboc;fabiɑ̃nə kɔlbɔk
Colboc;kɔlbɔk
Jean-Marie Mizzon;ʒəɑ̃mari mizzɔ̃
Mizzon;mizzɔ̃
Hubert Brigand;ybɛr briɡɑ̃d
Brigand;briɡɑ̃d
José Beaurain;ʒɔze borɛ̃
Beaurain;borɛ̃
Muriel Jourda;myriɛl ʒurda
Annick Cousin;ɑ̃nikk kuzɛ̃
Cousin;kuzɛ̃
Fabrice Brun;fabrizə brœ̃
Brun;brœ̃
Joël Aviragnet;ʒɔɛl aviraɲɛt
Aviragnet;aviraɲɛt
Pierre Frogier;piɛrrə frɔʒí
Frogier;frɔʒí
Stella Dupont;stəla dypɔ̃t
Dupont;dypɔ̃t
Anthony Brosse;ɑ̃tɔni brɔs
Brosse;brɔs
Fabien Di Filippo;fabiɑ̃ di filipɔ
Di Filippo;di filipɔ
Eva Sas;əva sa
Sas;sa
Vanina Paoli-Gagin;vanina paɔliɡaʒɛ̃
Paoli-Gagin;paɔliɡaʒɛ̃
Jean-Yves Bony;ʒəɑ̃iv bɔni
Bony;bɔni
Frantz Gumbs;frɑ̃tz ɡymb
Gumbs;ɡymb
Sébastien Meurant;sebastjɑ̃ mœrɑ̃t
Meurant;mœrɑ̃t
Olivier Bitz;ɔliví bitz
Bitz;bitz
Pierre Cazeneuve;piɛrrə kazɛnœv
Cazeneuve;kazɛnœv
Philippe Dunoyer;filipə dynwá
Dunoyer;dynwá
Olivier Rietmann;ɔliví riɛtmɑ̃n
Rietmann;riɛtmɑ̃n
Céline Boulay-Espéronnier;selinə bulɛɛsperɔ̃ní
Boulay-Espéronnier;bulɛɛsperɔ̃ní
Angélique Ranc;ɑ̃ʒelikə rɑ̃
Ranc;rɑ̃
Anne Bergantz;ɑ̃nə bɛrɡɑ̃tz
Bergantz;bɛrɡɑ̃tz
Christian Bruyen;ʃristjɑ̃ brɥiɑ̃
Bruyen;brɥiɑ̃
Laurent Lafon;lorə lafɔ̃
Lafon;lafɔ̃
Isabelle Valentin;izabɛlə valɑ̃tɛ̃
Valentin;valɑ̃tɛ̃
François Gernigon;frɑ̃swa ʒɛrniɡɔ̃
Gernigon;ʒɛrniɡɔ̃
Henri Leroy;ɑ̃ri lɛrwa
Leroy;lərwa
Mathieu Darnaud;matjœ darno
Darnaud;darno
Liliana Tanguy;liliana tɑ̃ɡyi
Tanguy;tɑ̃ɡyi
Jean-Philippe Ardouin;ʒəɑ̃filip ardwə̃
Ardouin;ardwə̃
Christophe Bex;ʃristɔfə bɛ
Bex;bɛ
Christelle D'Intorni;ʃristɛlə d'ɛ̃tɔrni
D'Intorni;d'ɛ̃tɔrni
Jean-Pierre Sueur;ʒəɑ̃piɛrrə sɥœr
Sueur;sɥœr
Marie-Noëlle Battistel;marinɔɛlə batistɛl
Battistel;batistɛl
Justine Gruet;ʒystinə ɡrɥɛt
Gruet;ɡrɥət
Francis Szpiner;frɑ̃si szpine
Szpiner;szpine
Meyer Habib;mɛe abib
Habib;abib
Agnès Evren;aɲɛ ɛvrɑ̃
Evren;ɛvrɑ̃
Annie Vidal;ɑ̃ni vidal
Vidal;vidal
Matthias Tavel;matia tavɛl
Tavel;tavɛl
Jean-Noël Guérini;ʒəɑ̃nɔɛl ɡɥɛ́rini
Guérini;ɡɥɛ́rini
Claire Colomb-Pitollat;klɛrə kɔlɔ̃bpitɔla
Colomb-Pitollat;kɔlɔ̃bpitɔla
Jean-Jacques Panunzi;ʒəɑ̃ʒakk panœ̃zi
Panunzi;panœ̃zi
Murielle Lepvraud;myriɛlə lɛpvro
Lepvraud;lɛpvro
Bruno Studer;brynɔ styde
Studer;styde
Clément Beaune;klemɛn bon
Beaune;bon
Saïd Omar Oili;sai ɔmar ɔji
Omar Oili;ɔmar ɔji
Éric Kerrouche;erik kɛrruʃ
Kerrouche;kɛrruʃ
Vivette Lopez;vivɛtə lɔpe
Lopez;lɔpe
Yannick Monnet;iɑ̃nikk mɔ̃nɛt
Monnet;mɔ̃nɛt
Mathilde Panot;matildə panɔ
Panot;panɔ
Laurent Jacobelli;lorə ʒakɔbɛli
Jacobelli;ʒakɔbɛli
Nathalie Goulet;natali ɡulɛt
Goulet;ɡulɛt
Anne-Sophie Romagny;ɑ̃nəsɔfi rɔmaɲi
Romagny;rɔmaɲi
Hervé Marseille;ɛrve marsɛj
Marseille;marsɛj
Frédérique Gerbaud;frederikə ʒɛrbo
Gerbaud;ʒɛrbo
Jean-Pierre Grand;ʒəɑ̃piɛrrə ɡrɑ̃d
Grand;ɡrɑ̃d
Rémy Pointereau;remi pwɛ̃tɛro
Pointereau;pwɛ̃tɛro
Aymeric Caron;ɛmɛrik karɔ̃
Caron;karɔ̃
Véronique de Montchalin;verɔnikə də mɔ̃tʃalɛ̃
Éric Bothorel;erik bɔtɔrɛl
Bothorel;bɔtɔrɛl
Philippe Paul;filipə pol
Paul;pol
Ronan Dantec;rɔnɑ̃ dɑ̃tɛk
Dantec;dɑ̃tɛk
Angèle Préville;ɑ̃ʒɛlə previj
Préville;previj
Brigitte Micouleau;briʒitə mikulo
Micouleau;mikulo
Sylvain Carrière;silvɛ̃ karrìr
Carrière;karrìr
Gilles Le Gendre;ʒil lə ʒɑ̃dr
Le Gendre;lə ʒɑ̃dr
Pierre Dharréville;piɛrrə darrevij
Dharréville;darrevij
Guillaume Gontard;ɡyjomə ɡɔ̃tar
Gontard;ɡɔ̃tar
Jean-Marie Fiévet;ʒəɑ̃mari fívɛt
Fiévet;fívɛt
Éric Alauzet;erik alozɛt
Alauzet;alozɛt
Christine Bonfanti-Dossat;ʃristinə bɔ̃fɑ̃tidɔsa
Bonfanti-Dossat;bɔ̃fɑ̃tidɔsa
Estelle Folest;ɛstɛlə fɔl
Folest;fɔl
Constance Le Grip;kɔ̃stɑ̃sə lə ɡri
Le Grip;lə ɡri
Thomas Gassilloud;tɔma ɡasilu
Gassilloud;ɡasilu
Steve Chailloux;stəvə ʃaju
Chailloux;ʃaju
Freddy Sertin;frɛdi sɛrtɛ̃
Sertin;sɛrtɛ̃
Pascal Allizard;paskal alizar
Allizard;alizar
Julie Laernoes;ʒyli laɛrnɔ
Laernoes;laɛrnɔ
Victoire Jasmin;viktwarə ʒasmɛ̃
Jasmin;ʒasmɛ̃
Frédérique Meunier;frederikə mœní
Anne-Laurence Petel;ɑ̃nəlorɑ̃sə pətɛl
Petel;pətɛl
Guislain Cambier;ɡyislɛ̃ kɑ̃bí
Cambier;kɑ̃bí
Mélanie Thomin;melani tɔmɛ̃
Thomin;tɔmɛ̃
Jean-Victor Castor;ʒəɑ̃viktɔr kastɔr
Castor;kastɔr
Jean-Michel Houllegatte;ʒəɑ̃miʃəl ulɛɡat
Houllegatte;ulɛɡat
Tematai Le Gayic;təmatɛ lə ɡɛik
Le Gayic;lə ɡɛik
Xavier Breton;ksaví brɛtɔ̃
Breton;brətɔ̃
Frédéric Valletoux;frederik valɛtu
Valletoux;valɛtu
Annie Le Houerou;ɑ̃ni lə wɛru
Le Houerou;lə wɛru
Franck Montaugé;frɑ̃kk mɔ̃toʒe
Montaugé;mɔ̃toʒe
Olivier Paccaud;ɔliví pakso
Paccaud;pakso
Victor Habert-Dassault;viktɔr abɛrdasol
Habert-Dassault;abɛrdasol
Aurélien Lopez-Liguori;oreliɑ̃ lɔpeliɡyɔri
Lopez-Liguori;lɔpeliɡyɔri
Claude Kern;klodə kɛrn
Kern;kɛrn
Laurent Panifous;lorə panifu
Panifous;panifu
Raphaël Daubet;rafaə̈l dobɛt
Daubet;dobɛt
Michel Bonnus;miʃɛl bɔ̃ny
Bonnus;bɔ̃ny
Francesca Pasquini;frɑ̃sɛska paskini
Pasquini;paskini
Sophie Blanc;sɔfi blɑ̃
Blanc;blɑ̃
Hadrien Ghomi;adriɑ̃ ɡɔmi
Ghomi;ɡɔmi
Jean-Jacques Michau;ʒəɑ̃ʒakk miʃo
Michau;miʃo
Nicolas Dupont-Aignan;nikɔla dypɔ̃tɛɲɑ̃
Dupont-Aignan;dypɔ̃tɛɲɑ̃
Anne Souyris;ɑ̃nə sɔɥiri
Souyris;sɔɥiri
Élodie Jacquier-Laforge;elɔdi ʒakkílafɔrʒ
Jacquier-Laforge;ʒakkílafɔrʒ
Karen Erodi;karɑ̃ ɛrɔdi
Erodi;ərɔdi
François Calvet;frɑ̃swa kalvɛt
Calvet;kalvɛt
Christian Baptiste;ʃristjɑ̃ baptist
Baptiste;baptist
Bertrand Bouyx;bɛrtrɑ̃d bɔɥi
Bouyx;bɔɥi
Éric Dupond-Moretti;erik dypɔ̃dmɔrɛti
Dupond-Moretti;dypɔ̃dmɔrɛti
Kévin Pfeffer;kevɛ̃ pfɛfe
Pfeffer;pfɛfe
Julien Dive;ʒyliɑ̃ div
Dive;div
Alexandre Portier;alɛxɑ̃drə pɔrtje
Portier;pɔrtje
Quentin Bataillon;kɑ̃tɛ̃ batajɔ̃
Bataillon;batajɔ̃
Xavier Iacovelli;ksaví iakɔvɛli
Iacovelli;iakɔvɛli
Edwige Diaz;ɛdwiʒə diaz
Diaz;diaz
Daniel Grenon;danil ɡrɛnɔ̃
Grenon;ɡrənɔ̃
Alain Joyandet;alɛ̃ ʒwaɑ̃dɛt
Joyandet;ʒwaɑ̃dɛt
Bruno Retailleau;brynɔ rɛtajo
Retailleau;rətajo
Olga Givernet;ɔlɡa ʒivɛrnɛt
Givernet;ʒivɛrnɛt
Julie Delpech;ʒyli dɛlpɛʃ
Delpech;dɛlpɛʃ
Alexandra Masson;alɛxɑ̃dra masɔ̃
Masson;masɔ̃
Anne Stambach-Terrenoir;ɑ̃nə stɑ̃baʃətɛrrɛnwar
Stambach-Terrenoir;stɑ̃baʃətɛrrɛnwar
Jean-François Rapin;ʒəɑ̃frɑ̃swa rapɛ̃
Rapin;rapɛ̃
Cécile Cukierman;sesilə kykiɛrmɑ̃
Cukierman;kykiɛrmɑ̃
Bernard Jomier;bɛrnar ʒɔmí
Jomier;ʒɔmí
Vincent Delahaye;vɛ̃kɛn dɛlaɛ
Delahaye;dəlaɛ
Chantal Bouloux;ʃɑ̃tal bulu
Bouloux;bulu
Véronique Del Fabro;verɔnikə dɛl fabrɔ
Del Fabro;dəl fabrɔ
Béatrice Bellamy;beatrizə bɛlami
Florence Blatrix Contat;flɔrɑ̃sə blatri kɔ̃ta
Blatrix Contat;blatri kɔ̃ta
Lisette Pollet;lizɛtə pɔlɛt
Pollet;pɔlɛt
Marie-Claire Carrère-Gée;mariklɛrə karrɛrəʒe
Carrère-Gée;karrɛrəʒe
Ugo Bernalicis;yɡɔ bɛrnalizi
Bernalicis;bɛrnalizi
Émilienne Poumirol;emiliɑ̃nə pumirɔl
Poumirol;pumirɔl
Violette Spillebout;viɔlɛtə spilɛbu
Spillebout;spilɛbu
Sylvie Valente Le Hir;silvi valɑ̃tə lə ir
Valente Le Hir;valɑ̃tə lə ir
Else Joseph;ɛlsə ʒɔzɛf
Joseph;ʒɔzɛf
Christophe Blanchet;ʃristɔfə blɑ̃ʃɛt
Blanchet;blɑ̃ʃɛt
Cyrille Isaac-Sibille;sirij izaaksibij
Isaac-Sibille;izaaksibij
Christine Le Nabour;ʃristinə lə nabur
Le Nabour;lə nabur
Justine Benin;ʒystinə bɛnɛ̃
Benin;bənɛ̃
Olivier Becht;ɔliví bɛʃ
Becht;bɛʃ
Roger Chudeau;rɔʒe ʃydo
Chudeau;ʃydo
Josiane Corneloup;ʒɔzianə kɔrnɛlu
Corneloup;kɔrnɛlu
Nathalie Bassire;natali basir
Bassire;basir
Olivier Falorni;ɔliví falɔrni
Falorni;falɔrni
Nicole Le Peih;nikɔlə lə pɛ
Le Peih;lə pɛ
Hélène Conway-Mouret;elɛnə kɔ̃wɛmurɛt
Conway-Mouret;kɔ̃wɛmurɛt
Alexandre Sabatou;alɛxɑ̃drə sabatu
Sabatou;sabatu
Daniel Gremillet;danil ɡrəmilɛt
Gremillet;ɡrəmilɛt
Vincent Segouin;vɛ̃kɛn sɛɡwə̃
Segouin;sɛɡwə̃
Caroline Cayeux;karɔlinə kɛy
Cayeux;kɛy
Jean-Philippe Nilor;ʒəɑ̃filipə nilɔr
Nilor;nilɔr
Akli Mellouli;akli mɛluli
Mellouli;məluli
Yannick Favennec-Bécot;iɑ̃nikk favɑ̃nɛkbekɔ
Favennec-Bécot;favɑ̃nɛkbekɔ
Didier Paris;didí pari
Paris;pari
Jean-Raymond Hugonet;ʒəɑ̃rɛmɔ̃d yɡɔnɛt
Hugonet;yɡɔnɛt
Damien Regnard;damiɑ̃ rɛɲar
Regnard;rɛɲar
Michel Savin;miʃɛl savɛ̃
Savin;savɛ̃
Albéric de Montgolfier;alberik də mɔ̃tɡɔlfí
de Montgolfier;də mɔ̃tɡɔlfí
Jean Bacci;ʒəɑ̃ baksi
Bacci;baksi
Roger Karoutchi;rɔʒe karutʃi
Karoutchi;karutʃi
Laetitia Saint-Paul;laətitja sɛ̃pol
Saint-Paul;sɛ̃pol
Richard Ramos;riʃar ramɔ
Ramos;ramɔ
Laurence Vichnievsky;lorɑ̃sə viʃniɛvski
Vichnievsky;viʃniɛvski
Ian Boucard;iɑ̃ bukar
Boucard;bukar
Danielle Brulebois;danilə brylɛbwa
Brulebois;brylɛbwa
Jean-Michel Jacques;ʒəɑ̃miʃəl ʒakk
Jacques;ʒakk
Luc Geismar;lyk ʒɛsmar
Geismar;ʒɛsmar
Philippe Grosvalet;filipə ɡrɔsvalɛt
Grosvalet;ɡrɔsvalɛt
Thomas Portes;tɔma pɔrt
Portes;pɔrt
Pascale Gruny;paskalə ɡryni
Gruny;ɡryni
Philippe Bas;filipə ba
Bas;ba
Pierre Laurent;piɛrrə lor
Laurent;lor
Lionel Royer-Perreaut;liɔnɛl rwápɛrro
Royer-Perreaut;rwápɛrro
Élisa Martin;eliza martɛ̃
Martin;martɛ̃
Sandrine Le Feur;sɑ̃drinə lə fœr
Le Feur;lə fœr
Damien Maudet;damiɑ̃ modɛt
Maudet;modɛt
Jean-Paul Prince;ʒəɑ̃pol prɛ̃k
Prince;prɛ̃k
Farida Amrani;farida ɑ̃rani
Amrani;ɑ̃rani
Bernard Fialaire;bɛrnar fialɛr
Fialaire;fialɛr
Stéphane Mazars;stefanə mazar
Mazars;mazar
Rachid Temal;raʃi tɛmal
Temal;təmal
Pascale Martin;paskalə martɛ̃
Annie Genevard;ɑ̃ni ʒənɛvar
Genevard;ʒənɛvar
Alexis Corbière;alɛxi kɔrbìr
Corbière;kɔrbìr
Aurélien Taché;oreliɑ̃ taʃe
Taché;taʃe
Cyrielle Chatelain;sirilə ʃatɛlɛ̃
Chatelain;ʃatɛlɛ̃
Viviane Malet;vivianə malɛt
Malet;malɛt
Martine Etienne;martin ɛtjɑ̃n
Etienne;ətjɑ̃n
Jean-Paul Mattei;ʒəɑ̃pol matɛ
Mattei;matɛ
Emmanuel Pellerin;ɑ̃manɥəl pəlɛrɛ̃
Pellerin;pəlɛrɛ̃
Pierre Ouzoulias;piɛrr uzulia
Ouzoulias;uzulia
Isabelle Rauch;izabɛlə roʃ
Rauch;roʃ
Évelyne Renaud-Garabedian;evəlinə rənoɡarabɛdiɑ̃
Renaud-Garabedian;rənoɡarabɛdiɑ̃
Laurent Somon;lorə sɔmɔ̃
Somon;sɔmɔ̃
Nicolas Metzdorf;nikɔla mɛtzdɔrf
Metzdorf;mɛtzdɔrf
Jean-Félix Acquaviva;ʒəɑ̃feli akkaviva
Acquaviva;akkaviva
André Chassaigne;ɑ̃dre ʃasɛɲ
Chassaigne;ʃasɛɲ
Raphaël Schellenberger;rafaə̈l sʃɛlɑ̃bɛrʒe
Schellenberger;sʃəlɑ̃bɛrʒe
Patricia Mirallès;patrizia miralɛ
Mirallès;miralɛ
Lauriane Josende;lorianə ʒɔzɑ̃d
Josende;ʒɔzɑ̃d
Didier Le Gac;didí lə ɡak
Le Gac;lə ɡak
David Valence;davi valɑ̃s
Valence;valɑ̃s
Nicolas Sansu;nikɔla sɑ̃sy
Sansu;sɑ̃sy
Martine Berthet;martinə bɛrtɛt
Berthet;bɛrtɛt
Daniel Gueret;danil ɡɥɛrɛt
Gueret;ɡɥɛrɛt
Michel Herbillon;miʃɛl ɛrbilɔ̃
Herbillon;ɛrbilɔ̃
Cédric Vial;sedrik vial
Vial;vial
Marie Mercier;mari mɛrkí
Mercier;mɛrkí
Fatiha Keloua Hachi;fatja kɛlwa aʃi
Keloua Hachi;kɛlwa aʃi
Yan Chantrel;iɑ̃ ʃɑ̃trɛl
Chantrel;ʃɑ̃trɛl
Mathilde Desjonquères;matildə dɛsʒɔ̃kɛr
Desjonquères;dɛsʒɔ̃kɛr
Marie-Noëlle Lienemann;marinɔɛlə ljɛ̃ɛmɑ̃n
Lienemann;ljɛ̃ɛmɑ̃n
Benoit Mournet;bənwat murnɛt
Mournet;murnɛt
Laurence Heydel Grillere;lorɑ̃s ɛdəl ɡrilɛr
Heydel Grillere;ɛdəl ɡrilɛr
Thierry Cozic;tiɛrri kɔzik
Cozic;kɔzik
Marie-Arlette Carlotti;mariarlɛtə karlɔti
Carlotti;karlɔti
Pieyre-Alexandre Anglade;piirəalɛxɑ̃dr ɑ̃ɡlad
Anglade;ɑ̃ɡlad
François-Noël Buffet;frɑ̃swanɔɛl byfɛt
Nadège Abomangoli;nadɛʒ abɔmɑ̃ɡɔli
Abomangoli;abɔmɑ̃ɡɔli
Solanges Nadille;sɔlɑ̃ʒ nadij
Nadille;nadij
Catherine Deroche;katərinə dɛrɔʃ
Deroche;dərɔʃ
Olivia Grégoire;ɔlivia ɡreɡwar
Grégoire;ɡreɡwar
Hervé Berville;ɛrve bɛrvij
Berville;bɛrvij
Rémi Cardon;remi kardɔ̃
Cardon;kardɔ̃
Pierre Médevielle;piɛrrə medəviɛl
Médevielle;medəviɛl
Catherine Conconne;katɛrinə kɔ̃kɔ̃n
Conconne;kɔ̃kɔ̃n
Yaël Braun-Pivet;yaə̈l braœ̃pivɛt
Braun-Pivet;braœ̃pivɛt
Pauline Martin;polinə martɛ̃
Frédéric Boccaletti;frederik bɔksalɛti
Boccaletti;bɔksalɛti
Catherine Procaccia;katɛrinə prɔkaksia
Procaccia;prɔkaksia
Bernard Fournier;bɛrnar furní
Fournier;furní
Nicolas Ray;nikɔla rɛ
Ray;rɛ
David Guiraud;davi ɡyiro
Guiraud;ɡyiro
Nadine Bellurot;nadinə bɛlyrɔ
Bellurot;bəlyrɔ
Stanislas Guerini;stanisla ɡyɛrini
Guerini;ɡɥɛrini
Pierre Charon;piɛrrə ʃarɔ̃
Charon;ʃarɔ̃
Nicole Duranton;nikɔlə dyrɑ̃tɔ̃
Duranton;dyrɑ̃tɔ̃
Laurent Duplomb;lorə dyplɔ̃b
Duplomb;dyplɔ̃b
Annaïg Le Meur;ɑ̃nai lə mœr
Le Meur;lə mœr
Évelyne Perrot;evɛlinə pɛrrɔ
Perrot;pɛrrɔ
Philippe Sorez;filipə sɔre
Sorez;sɔre
Catherine Belrhiti;katɛrinə bɛlritj
Belrhiti;bɛlritj
David Taupiac;davi topiak
Taupiac;topiak
Sylvain Maillard;silvɛ̃ majar
Maillard;majar
Joshua Hochart;ʒɔsɥa ɔʃar
Hochart;ɔʃar
Jean-Noël Barrot;ʒəɑ̃nɔɛl barrɔ
Barrot;barrɔ
Philippe Tabarot;filipə tabarɔ
Tabarot;tabarɔ
Jean-Luc Warsmann;ʒəɑ̃lyk warsmɑ̃n
Warsmann;warsmɑ̃n
Victor Catteau;viktɔr kato
Catteau;kato
Sonia de la Provôté;sɔnia də la prɔvote
de la Provôté;də la prɔvote
Charlotte Caubel;ʃarlɔtə kobɛl
Caubel;kobɛl
Frédéric Marchand;frederik marʃɑ̃d
Marchand;marʃɑ̃d
Servane Hugues;sɛrvan yɡy
Hugues;yɡy
Stéphane Sautarel;stefanə sotarɛl
Sautarel;sotarɛl
Olivier Marleix;ɔliví marlɛ
Marleix;marlɛ
Belkhir Belhaddad;bɛlkir bɛlada
Belhaddad;bəlada
Alain Richard;alɛ̃ riʃar
Richard;riʃar
Nassimah Dindar;nasima dɛ̃dar
Dindar;dɛ̃dar
Inaki Echaniz;inaki ɛʃaniz
Echaniz;əʃaniz
Antoine Léaument;ɑ̃twanə leomɛn
Léaument;leomɛn
Patrick Kanner;patrikk kɑ̃ne
Kanner;kɑ̃ne
Laurence Robert-Dehault;lorɑ̃sə rɔbɛrdəol
Robert-Dehault;rɔbɛrdəol
Nathalie Serre;natali sɛrr
Serre;sɛrr
Sophie Primas;sɔfi prima
Primas;prima
Nadège Havet;nadɛʒ avɛt
Havet;avɛt
Rachel Keke;raʃəl kɛk
Keke;kək
Clara Chassaniol;klara ʃasaniɔl
Chassaniol;ʃasaniɔl
Marie-France Lorho;marifrɑ̃sə lɔrɔ
Lorho;lɔrɔ
Agnès Canayer;aɲɛ kanɛ́
Canayer;kanɛ́
Pascal Lavergne;paskal lavɛrɲ
Lavergne;lavɛrɲ
Christine Arrighi;ʃristin arriɡi
Arrighi;arriɡi
Estelle Youssouffa;ɛstɛl iusufa
Youssouffa;iusufa
Antoine Villedieu;ɑ̃twanə vilɛdjœ
Villedieu;vilɛdjœ
Charles Sitzenstuhl;ʃarl sitzɑ̃styl
Sitzenstuhl;sitzɑ̃styl
Étienne Blanc;etjɑ̃nə blɑ̃
Marc-Philippe Daubresse;markfilipə dobrɛs
Daubresse;dobrɛs
Florence Lasserre;flɔrɑ̃sə lasɛrr
Lasserre;lasɛrr
Jimmy Pahun;ʒɛ̃mi paœ̃
Pahun;paœ̃
Bernard Bonne;bɛrnar bɔ̃n
Bonne;bɔ̃n
Franck Riester;frɑ̃kk riɛste
Riester;riɛste
Thierry Frappé;tiɛrri frape
Frappé;frape
Sylvie Robert;silvi rɔbɛr
Robert;rɔbɛr
Sophie Panonacle;sɔfi panɔnakl
Panonacle;panɔnakl
Daniel Labaronne;daniɛl labarɔ̃n
Labaronne;labarɔ̃n
Corinne Bourcier;kɔrɛ̃nə burkí
Bourcier;burkí
Gérard Poadja;ʒerar pɔadʒa
Poadja;pɔadʒa
Bérangère Couillard;berɑ̃ʒɛrə kujar
Couillard;kujar
Thibault Bazin;tibol bazɛ̃
Bazin;bazɛ̃
Christine Decodts;ʃristinə dɛkɔd
Decodts;dəkɔd
Marie-Pierre de la Gontrie;maripiɛrrə də la ɡɔ̃tri
de la Gontrie;də la ɡɔ̃tri
Arnaud Bazin;arno bazɛ̃
Stéphane Lenormand;stefanə lɛnɔrmɑ̃d
Lenormand;lənɔrmɑ̃d
Philippe Pemezec;filipə pəməzɛk
Pemezec;pəməzɛk
Gabriel Amard;ɡabriɛl amar
Amard;amar
Jean-Pierre Corbisez;ʒəɑ̃piɛrrə kɔrbize
Corbisez;kɔrbize
Anne-Sophie Frigout;ɑ̃nəsɔfi friɡu
Frigout;friɡu
Roland Lescure;rɔlɑ̃d lɛskyr
Lescure;lɛskyr
Lise Magnier;lizə maɲí
Magnier;maɲí
Didier Parakian;didí parakiɑ̃
Parakian;parakiɑ̃
Naïma Moutchou;naima mutʃu
Moutchou;mutʃu
Charlotte Leduc;ʃarlɔtə lɛdyk
Leduc;lədyk
Maurice Antiste;moriz ɑ̃tist
Antiste;ɑ̃tist
Vincent Bru;vɛ̃kɛn bry
Bru;bry
Sylvie Goy-Chavent;silvi ɡwaʃavɛn
Goy-Chavent;ɡwaʃavɛn
Vincent Rolland;vɛ̃kɛn rɔlɑ̃d
Rolland;rɔlɑ̃d
Viviane Artigalas;vivian artjɡala
Artigalas;artjɡala
Hussein Bourgi;ysɛ̃ burʒi
Bourgi;burʒi
Pierre Barros;piɛrrə barrɔ
Barros;barrɔ
Jérôme Darras;ʒeromə darra
Darras;darra
Emmanuelle Ménard;ɑ̃manɥɛlə menar
Ménard;menar
Pierre-Antoine Levi;piɛrrəɑ̃twanə lɛvi
Levi;ləvi
Karim Ben Cheikh;karɛ̃ bɑ̃ ʃɛk
Ben Cheikh;bɑ̃ ʃɛk
Silvana Silvani;silvana silvani
Silvani;silvani
Moetai Brotherson;moetɛ brɔtɛrsɔ̃
Brotherson;brɔtɛrsɔ̃
Guillaume Chevrollier;ɡyjomə ʃɛvrɔlí
Chevrollier;ʃɛvrɔlí
Didier Lemaire;didí lɛmɛr
Lemaire;ləmɛr
Philippe Bolo;filipə bɔlɔ
Bolo;bɔlɔ
Édouard Bénard;edwar benar
Bénard;benar
Sébastien Rome;sebastjɑ̃ rɔm
Rome;rɔm
Nathalie Delattre;natali dɛlatr
Delattre;dəlatr
David Amiel;davi amiɛl
Amiel;amiɛl
Philippe Folliot;filipə fɔliɔ
Folliot;fɔliɔ
Laure Miller;lorə mile
Miller;mile
Stéphane Peu;stefanə pœ
Peu;pœ
Dominique Da Silva;dɔminikə da silva
Da Silva;da silva
Joris Hébrard;ʒɔri ebrar
Hébrard;ebrar
Philippe Guillemard;filipə ɡyjmar
Guillemard;ɡyjmar
Alain Milon;alɛ̃ milɔ̃
Milon;milɔ̃
Olivier Henno;ɔliví ɑ̃nɔ
Henno;ɑ̃nɔ
Bruno Sido;brynɔ sidɔ
Sido;sidɔ
Didier Mandelli;didí mɑ̃dɛli
Mandelli;mɑ̃dɛli
Stéphanie Galzy;stefani ɡalzi
Galzy;ɡalzi
Éric Martineau;erik martino
Martineau;martino
Mikaele Seo;mikaɛlə səɔ
Seo;səɔ
Christophe Chaillou;ʃristɔfə ʃaju
Chaillou;ʃaju
Stéphanie Rist;stefani ris
Rist;ris
Guy Benarroche;ɡyi bɛnarrɔʃ
Benarroche;bənarrɔʃ
Jean-Marc Vayssouze-Faure;ʒəɑ̃mark vɛsuzəfor
Vayssouze-Faure;vɛsuzəfor
Gérard Lahellec;ʒerar laəlɛk
Lahellec;laəlɛk
Jean-René Cazeneuve;ʒəɑ̃rəne kazɛnœv
Corinne Féret;kɔrɛ̃nə ferɛt
Féret;ferɛt
Charles Fournier;ʃarl furní
Marina Ferrari;marina fɛrrari
Ferrari;fɛrrari
Jérôme Bascher;ʒeromə basʃe
Bascher;basʃe
Stéphane Rambaud;stefanə rɑ̃bo
Michel Dennemont;miʃəl dɑ̃nɛmɔ̃t
Dennemont;dɑ̃nɛmɔ̃t
Dino Cinieri;dinɔ siniɛri
Cinieri;siniɛri
Lionel Tivoli;liɔnɛl tivɔli
Tivoli;tivɔli
Nicole Dubré-Chirat;nikɔlə dybreʃira
Dubré-Chirat;dybreʃira
Gérald Darmanin;ʒerald darmanɛ̃
Darmanin;darmanɛ̃
Florence Goulet;flɔrɑ̃sə ɡulɛt
Marie-Laure Phinera-Horth;marilorə finraɔrt
Phinera-Horth;finraɔrt
Françoise Gatel;frɑ̃swazə ɡatɛl
Gatel;ɡatɛl
Karine Daniel;karinə daniɛl
Daniel;daniɛl
Grégory Blanc;ɡreɡɔri blɑ̃
Laure Darcos;lorə darkɔ
Darcos;darkɔ
Michèle Martinez;miʃɛlə martine
Martinez;martine
Hubert Julien-Laferrière;ybɛr ʒyliɑ̃lafɛrrìr
Julien-Laferrière;ʒyliɑ̃lafɛrrìr
Kristina Pluchet;kristina plyʃɛt
Pluchet;plyʃɛt
Adel Ziane;adɛl zian
Ziane;zian
Frank Giletti;frɑ̃k ʒilɛti
Giletti;ʒilɛti
Denise Saint-Pé;dənizə sɛ̃pe
Saint-Pé;sɛ̃pe
Ian Brossat;iɑ̃ brɔsa
Brossat;brɔsa
Jean-François Coulomme;ʒəɑ̃frɑ̃swa kulɔm
Coulomme;kulɔm
Michel Dagbert;miʃɛl daɡbɛr
Dagbert;daɡbɛr
Stéphanie Kochert;stefani kɔʃɛr
Kochert;kɔʃɛr
Philippe Vigier;filipə viʒí
Vigier;viʒí
Gabriel Attal;ɡabriɛl atal
Attal;atal
Marlène Schiappa;marlɛnə sʃiapa
Schiappa;sʃiapa
Pierre Vatin;piɛrrə vatɛ̃
Vatin;vatɛ̃
Danielle Simonnet;danilə simɔ̃nɛt
Simonnet;simɔ̃nɛt
Marie-Do Aeschlimann;maridɔ aɛsʃlimɑ̃n
Aeschlimann;aɛsʃlimɑ̃n
Matthieu Marchio;matjœ marʃiɔ
Marchio;marʃiɔ
Jean Pierre Vogel;ʒəɑ̃ piɛrrə vɔʒɛl
Vogel;vɔʒɛl
Frédérique Puissat;frederikə pɥisa
Puissat;pɥisa
Sandra Marsaud;sɑ̃dra marso
Marsaud;marso
Jean-François Husson;ʒəɑ̃frɑ̃swa ysɔ̃
Husson;ysɔ̃
Jean-Jacques Lozach;ʒəɑ̃ʒakk lɔzaʃ
Lozach;lɔzaʃ
Anne Grignon;ɑ̃nə ɡriɲɔ̃
Grignon;ɡriɲɔ̃
Thierry Benoit;tiɛrri bɛnwat
Benoit;bənwat
Bernard Pillefer;bɛrnar pilɛfe
Pillefer;pilɛfe
Jean-Marie Vanlerenberghe;ʒəɑ̃mari vɑ̃lɛrɑ̃bɛrɡ
Vanlerenberghe;vɑ̃lɛrɑ̃bɛrɡ
Philippe Fait;filipə fɛ
Fait;fɛ
Stéphane Buchou;stefanə byʃu
Buchou;byʃu
Christophe Bentz;ʃristɔfə bɛntz
Bentz;bɛntz
Bastien Marchive;bastjɑ̃ marʃiv
Marchive;marʃiv
Olivia Richard;ɔlivia riʃar
Michaël Weber;miʃaə̈l wɛbe
Weber;wəbe
Michèle Tabarot;miʃɛlə tabarɔ
Sarah Tanzilli;sara tɑ̃zili
Tanzilli;tɑ̃zili
Marie-Carole Ciuntu;marikarɔlə siœ̃ty
Ciuntu;siœ̃ty
Mansour Kamardine;mɑ̃sur kamardin
Kamardine;kamardin
André Guiol;ɑ̃dre ɡyiɔl
Guiol;ɡyiɔl
Jean-Paul Lecoq;ʒəɑ̃pol lɛkɔk
Lecoq;ləkɔk
Elsa Faucillon;ɛlsa fozilɔ̃
Faucillon;fozilɔ̃
Stéphane Piednoir;stefanə piɛdnwar
Piednoir;piɛdnwar
Marcellin Nadeau;markɛlɛ̃ nado
Nadeau;nado
Nicolas Forissier;nikɔla fɔrisí
Forissier;fɔrisí
François Braun;frɑ̃swa braœ̃
Braun;braœ̃
Philippe Brun;filipə brœ̃
Agnès Pannier-Runacher;aɲɛ pɑ̃nírynaʃe
Pannier-Runacher;pɑ̃nírynaʃe
Yannick Jadot;iɑ̃nikk ʒadɔ
Jadot;ʒadɔ
Mohamed Laqhila;mɔamɛ lakila
Laqhila;lakila
François Patriat;frɑ̃swa patria
Patriat;patria
Anna Pic;ɑ̃na pik
Pic;pik
Stéphane Demilly;stefanə dɛmili
Demilly;dəmili
Béatrice Descamps;beatrizə dɛskɑ̃p
Descamps;dɛskɑ̃p
Philippe Latombe;filipə latɔ̃b
Latombe;latɔ̃b
Jean-Louis Bricout;ʒəɑ̃lwi briku
François Jolivet;frɑ̃swa ʒɔlivɛt
Jolivet;ʒɔlivɛt
Rémi Féraud;remi fero
Féraud;fero
Hadrien Clouet;adriɑ̃ klwɛt
Clouet;klwət
Aurélien Pradié;oreliɑ̃ pradí
Pradié;pradí
Louis Boyard;lwi bwaar
Boyard;bwaar
Jean Terlier;ʒəɑ̃ tɛrlí
Terlier;tɛrlí
Sébastien Jumel;sebastjɑ̃ ʒymɛl
Jumel;ʒymɛl
Olivier Jacquin;ɔliví ʒakkɛ̃
Jacquin;ʒakkɛ̃
Geneviève Darrieussecq;ʒənɛvìvə darrjœsɛkk
Darrieussecq;darrjœsɛkk
Chrysoula Zacharopoulou;ʃrisula zaʃarɔpulu
Zacharopoulou;zaʃarɔpulu
Martine Filleul;martinə filœl
Filleul;filœl
Mireille Clapot;mirɛj klapɔ
Clapot;klapɔ
Véronique Guillotin;verɔnikə ɡyjɔtɛ̃
Guillotin;ɡyjɔtɛ̃
Emmanuel Maquet;ɑ̃manɥəl makɛt
Maquet;makɛt
Max Brisson;ma brisɔ̃
Brisson;brisɔ̃
Marie Guévenoux;mari ɡɥɛ́vɛnu
Guévenoux;ɡɥɛ́vɛnu
Jacques Fernique;ʒakk fɛrnik
Fernique;fɛrnik
Frédéric Cabrolier;frederik kabrɔlí
Cabrolier;kabrɔlí
Martine Froger;martinə frɔʒe
Froger;frɔʒe
Antoinette Guhl;ɑ̃twanɛtə ɡyl
Guhl;ɡyl
Timothée Houssin;timɔte usɛ̃
Houssin;usɛ̃
Laurent Alexandre;lor alɛxɑ̃dr
Alexandre;alɛxɑ̃dr
Laurence Boone;lorɑ̃sə bɔɔn
Boone;bɔɔn
Antoine Vermorel-Marques;ɑ̃twanə vɛrmɔrəlmark
Vermorel-Marques;vɛrmɔrəlmark
Claudine Thomas;klodinə tɔma
Thomas;tɔma
Céline Calvez;selinə kalve
Calvez;kalve
Anne-Laure Babault;ɑ̃nəlorə babol
Babault;babol
Marc Fesneau;mark fɛsno
Fesneau;fɛsno
Yannick Chenevard;iɑ̃nikk ʃənɛvar
Chenevard;ʃənɛvar
Bruno Belin;brynɔ bɛlɛ̃
Belin;bəlɛ̃
Pierre Cordier;piɛrrə kɔrdí
Cordier;kɔrdí
Patrick Chauvet;patrikk ʃovɛt
Chauvet;ʃovɛt
Marine Le Pen;marinə lə pɑ̃
Le Pen;lə pɑ̃
Sacha Houlié;saʃa ulí
Houlié;ulí
Sophie Errante;sɔfi ɛrrɑ̃t
Errante;ɛrrɑ̃t
Nathalie Oziol;natali ɔziɔl
Oziol;ɔziɔl
Jean-Yves Leconte;ʒəɑ̃ivə lɛkɔ̃t
Leconte;ləkɔ̃t
Élisabeth Doineau;elizabɛt dwano
Doineau;dwano
Sébastien Delogu;sebastjɑ̃ dɛlɔɡy
Delogu;dəlɔɡy
Annick Billon;ɑ̃nikk bilɔ̃
Billon;bilɔ̃
Daphné Ract-Madoux;dafne rakmadu
Ract-Madoux;rakmadu
Katiana Levavasseur;katjana lɛvavasœr
Levavasseur;ləvavasœr
Catherine Vautrin;katɛrinə votrɛ̃
Vautrin;votrɛ̃
André Gattolin;ɑ̃dre ɡatɔlɛ̃
Gattolin;ɡatɔlɛ̃
Véronique Besse;verɔnikə bɛs
Besse;bɛs
Émilie Chandler;emili ʃɑ̃dle
Chandler;ʃɑ̃dle
Cédric Perrin;sedrik pɛrrɛ̃
Perrin;pɛrrɛ̃
Alexis Jolly;alɛxi ʒɔli
Jolly;ʒɔli
Nadia Hai;nadia ɛ
Hai;ɛ
Robin Reda;rɔbɛ̃ rɛda
Reda;rəda
Sabrina Agresti-Roubache;sabrina aɡrɛstirubaʃ
Agresti-Roubache;aɡrɛstirubaʃ
Manuel Bompard;manɥɛl bɔ̃par
Bompard;bɔ̃par
Marie-Pierre Monier;maripiɛrrə mɔní
Monier;mɔní
Pierre Meurin;piɛrrə mœrɛ̃
Meurin;mœrɛ̃
Thani Mohamed Soilihi;tani mɔamɛ sɔjii
Mohamed Soilihi;mɔamɛ sɔjii
Marie-Christine Chauvin;mariʃristinə ʃovɛ̃
Chauvin;ʃovɛ̃
Delphine Batho;dɛlfinə batɔ
Batho;batɔ
Thomas Cazenave;tɔma kazɛnav
Cazenave;kazɛnav
Béatrice Gosselin;beatrizə ɡɔsɛlɛ̃
Gosselin;ɡɔsɛlɛ̃
Emmanuel Fernandes;ɑ̃manɥəl fɛrnɑ̃d
Fernandes;fɛrnɑ̃d
Manon Meunier;manɔ̃ mœní
Clémentine Autain;klemɑ̃tin otɛ̃
Autain;otɛ̃
Elsa Schalck;ɛlsa sʃalkk
Schalck;sʃalkk
Charles Rodwell;ʃarlə rɔdwɛl
Rodwell;rɔdwɛl
Isabelle Rome;izabɛlə rɔm
Bernard Delcros;bɛrnar dɛlkrɔ
Delcros;dɛlkrɔ
Lucien Stanzione;lyziɑ̃ stɑ̃ziɔn
Stanzione;stɑ̃ziɔn
Léo Walter;leɔ walte
Walter;walte
Jean Louis Masson;ʒəɑ̃ lwi masɔ̃
Fabien Lainé;fabiɑ̃ lɛne
Lainé;lɛne
Jean-Marc Zulesi;ʒəɑ̃mark zylɛzi
Zulesi;zylɛzi
Dominique Vérien;dɔminikə veriɑ̃
Vérien;veriɑ̃
Emmanuel Mandon;ɑ̃manɥɛl mɑ̃dɔ̃
Mandon;mɑ̃dɔ̃
Fabien Genet;fabiɑ̃ ʒənɛt
Genet;ʒənɛt
Hendrik Davi;ɑ̃drik davi
Davi;davi
Édouard Courtial;edwar kurtjal
Courtial;kurtjal
Maud Bregeon;mo brɛʒɔ̃
Bregeon;brəʒɔ̃
Philippe Dominati;filipə dɔminatj
Dominati;dɔminatj
Aude Luquet;odə lykɛt
Luquet;lykɛt
Pascale Bordes;paskalə bɔrd
Bordes;bɔrd
Paul Christophe;pol ʃristɔf
Christophe;ʃristɔf
Philippe Berta;filipə bɛrta
Berta;bɛrta
Jean-Pierre Decool;ʒəɑ̃piɛrrə dɛkɔɔl
Decool;dəkɔɔl
Ségolène Amiot;seɡɔlɛn amiɔ
Amiot;amiɔ
Frédéric Descrozaille;frederik dɛskrɔzɛj
Descrozaille;dɛskrɔzɛj
Michel Masset;miʃəl masɛt
Masset;masɛt
Sylviane Noël;silvianə nɔɛl
Noël;nɔɛl
Hélène Laporte;elɛnə lapɔrt
Laporte;lapɔrt
Hervé Maurey;ɛrve morɛ
Maurey;morɛ
Jean-Claude Requier;ʒəɑ̃klodə rɛkí
Requier;rəkí
Christine Herzog;ʃristin ɛrzɔ
Herzog;ɛrzɔ
Henri Cabanel;ɑ̃ri kabanɛl
Cabanel;kabanɛl
Astrid Panosyan-Bouvet;astri panɔsiɑ̃buvɛt
Panosyan-Bouvet;panɔsiɑ̃buvɛt
Alain Cadec;alɛ̃ kadɛk
Cadec;kadɛk
Blandine Brocard;blɑ̃dinə brɔkar
Brocard;brɔkar
Julien Rancoule;ʒyliɑ̃ rɑ̃kul
Rancoule;rɑ̃kul
Damien Michallet;damiɑ̃ miʃalɛt
Michallet;miʃalɛt
Patricia Schillinger;patrizia sʃilɛ̃ʒe
Schillinger;sʃilɛ̃ʒe
Charles Guené;ʃarlə ɡyɛne
Guené;ɡɥɛne
Cathy Apourceau-Poly;kati apurkopɔli
Apourceau-Poly;apurkopɔli
Caroline Yadan;karɔlin iadɑ̃
Yadan;yadɑ̃
Patricia Demas;patrizia dɛma
Demas;dəma
Jean-Louis Lagourgue;ʒəɑ̃lwi laɡurɡɥɛ
Lagourgue;laɡurɡɥɛ
Gilbert Roger;ʒilbɛr rɔʒe
Roger;rɔʒe
Catherine Di Folco;katɛrinə di fɔlkɔ
Di Folco;di fɔlkɔ
Laurent Croizier;lorə krwazí
Croizier;krwazí
Philippe Bonnecarrère;filipə bɔ̃nɛkarrɛr
Bonnecarrère;bɔ̃nɛkarrɛr
Aurélien Rousseau;oreliɑ̃ ruso
Rousseau;ruso
Valérie Rabault;valeri rabol
Rabault;rabol
Brigitte Lherbier;briʒitə lɛrbí
Lherbier;lɛrbí
Pierre-Jean Verzelen;piɛrrəʒəɑ̃ vɛrzɛlɑ̃
Verzelen;vɛrzɛlɑ̃
Mélanie Vogel;melani vɔʒɛl
Lionel Causse;liɔnɛl kos
Causse;kos
Jean-Jacques Gaultier;ʒəɑ̃ʒakk ɡoltje
Gaultier;ɡoltje
Laure Lavalette;lorə lavalɛt
Lavalette;lavalɛt
Mathilde Paris;matildə pari
Caroline Abadie;karɔlin abadi
Abadie;abadi
Louis Vogel;lwi vɔʒɛl
Patrick Hetzel;patrikk ɛtzɛl
Hetzel;ɛtzɛl
Mikaele Kulimoetoke;mikaələ kylimɔɛtɔk
Kulimoetoke;kylimɔɛtɔk
Marie-Charlotte Garin;mariʃarlɔtə ɡarɛ̃
Garin;ɡarɛ̃
Jean-Pierre Taite;ʒəɑ̃piɛrrə tɛt
Taite;tɛt
Bruno Bilde;brynɔ bild
Bilde;bild
Cécile Untermaier;sesil œ̃tɛrmɛ́
Untermaier;œ̃tɛrmɛ́
Yaël Menache;yaə̈l mɛnaʃ
Menache;mənaʃ
Anaïs Sabatini;anai sabatini
Sabatini;sabatini
Christian Bilhac;ʃristjɑ̃ bilak
Bilhac;bilak
Cédric Chevalier;sedrik ʃɛvalí
Chevalier;ʃəvalí
Daniel Laurent;daniɛl lor
Julien Odoul;ʒyliɑ̃ ɔdul
Odoul;ɔdul
Christophe Marion;ʃristɔfə mariɔ̃
Marion;mariɔ̃
Jean-Yves Roux;ʒəɑ̃iv ru
Roux;ru
Jean-Marc Todeschini;ʒəɑ̃mark tɔdɛsʃini
Todeschini;tɔdɛsʃini
Colombe Brossel;kɔlɔ̃bə brɔsɛl
Brossel;brɔsɛl
Alexandre Loubet;alɛxɑ̃drə lubɛt
Loubet;lubɛt
Bertrand Pancher;bɛrtrɑ̃d pɑ̃ʃe
Pancher;pɑ̃ʃe
André Reichardt;ɑ̃dre rɛʃard
Reichardt;rɛʃard
Antoine Lefèvre;ɑ̃twanə lɛfɛvr
Lefèvre;ləfɛvr
Éric Bocquet;erik bɔkkɛt
Bocquet;bɔkkɛt
Nadia Sollogoub;nadia sɔlɔɡub
Sollogoub;sɔlɔɡub
Mireille Jouve;mirɛj ʒuv
Jouve;ʒuv
Xavier Roseren;ksaví rɔzɛrɑ̃
Roseren;rɔzɛrɑ̃
François Piquemal;frɑ̃swa pikɛmal
Piquemal;pikɛmal
Philippe Pradal;filipə pradal
Pradal;pradal
Hervé Reynaud;ɛrve rɛno
Reynaud;rɛno
Laurence Maillart-Méhaignerie;lorɑ̃sə majarmeɛɲɛri
Maillart-Méhaignerie;majarmeɛɲɛri
Lana Tetuanui;lana tɛtɥanɥi
Tetuanui;tətɥanɥi
Jean-Luc Fugit;ʒəɑ̃lyk fyʒit
Fugit;fyʒit
Laurence Harribey;lorɑ̃sə arribɛ
Harribey;arribɛ
Monique de Marco;mɔnikə də markɔ
de Marco;də markɔ
Ghislaine Senée;ɡislɛnə sɛne
Senée;səne
Christian Cambon;ʃristjɑ̃ kɑ̃bɔ̃
Cambon;kɑ̃bɔ̃
Gérard Larcher;ʒerar larʃe
Larcher;larʃe
Roger Vicot;rɔʒe vikɔ
Vicot;vikɔ
Adrien Quatennens;adriɑ̃ katɑ̃nɑ̃
Quatennens;katɑ̃nɑ̃
Laurent Leclercq;lorə lɛklɛrkk
Leclercq;lɛklɛrkk
Evelyne Corbière Naminzo;əvɛlinə kɔrbìrə namɛ̃zɔ
Corbière Naminzo;kɔrbìrə namɛ̃zɔ
Denis Bouad;dəni bwa
Bouad;bwa
Clément Pernot;klemɛn pɛrnɔ
Pernot;pɛrnɔ
Stéphane Viry;stefanə viri
Viry;viri
Raphaël Gérard;rafaə̈l ʒerar
Gérard;ʒerar
Anne Genetet;ɑ̃nə ʒənətɛt
Genetet;ʒənətɛt
Erwan Balanant;ɛrwɑ̃ balanɑ̃t
Balanant;balanɑ̃t
Claude Raynal;klodə rɛnal
Raynal;rɛnal
Nicolas Dragon;nikɔla draɡɔ̃
Dragon;draɡɔ̃
Audrey Linkenheld;odrɛ lɛ̃kɛnɛld
Linkenheld;lɛ̃kɛnɛld
Yves Bouloux;yvə bulu
Juliette Vilgrain;ʒyliɛtə vilɡrɛ̃
Vilgrain;vilɡrɛ̃
Brigitte Klinkert;briʒitə klɛ̃kɛr
Klinkert;klɛ̃kɛr
Carlos Martens Bilongo;karlɔ martɑ̃ bilɔ̃ɡɔ
Bilongo;bilɔ̃ɡɔ
Christophe Barthès;ʃristɔfə bartɛ
Barthès;bartɛ
Martin Lévrier;martɛ̃ levrí
Lévrier;levrí
Sebastien Pla;səbastjɑ̃ pla
Pla;pla
Chantal Jourdan;ʃɑ̃tal ʒurdɑ̃
Jourdan;ʒurdɑ̃
Daniel Breuiller;daniɛl brœjr
Breuiller;brœjr
Jean-Claude Raux;ʒəɑ̃klodə ro
Raux;ro
Michelle Gréaume;miʃɛlə ɡreom
Gréaume;ɡreom
Patrick Chaize;patrikk ʃɛz
Chaize;ʃɛz
Rodrigo Arenas;rɔdriɡɔ arɛna
Arenas;arɛna
Benoît Bordat;bənwât bɔrda
Bordat;bɔrda
Guillaume Kasbarian;ɡyjomə kasbariɑ̃
Kasbarian;kasbariɑ̃
Hubert Wulfranc;ybɛr wylfrɑ̃
Wulfranc;wylfrɑ̃
Marie-Agnès Poussier-Winsback;mariaɲɛ pusíwɛ̃sbakk
Poussier-Winsback;pusíwɛ̃sbakk
Marietta Karamanli;mariɛta karamɑ̃li
Karamanli;karamɑ̃li
Laurence Cohen;lorɑ̃sə kɔɑ̃
Cohen;kɔɑ̃
Jean-Luc Bourgeaux;ʒəɑ̃lyk burʒo
Bourgeaux;burʒo
Fadila Khattabi;fadila katabi
Khattabi;katabi
Stéphane Le Rudulier;stefanə lə rydylí
Le Rudulier;lə rydylí
Franck Allisio;frɑ̃kk aliziɔ
Allisio;aliziɔ
Charlotte Parmentier-Lecocq;ʃarlɔtə parmɑ̃tjelɛkɔkk
Parmentier-Lecocq;parmɑ̃tjelɛkɔkk
Pierre Jean Rochette;piɛrrə ʒəɑ̃ rɔʃɛt
Rochette;rɔʃɛt
Lisa Belluco;liza bɛlykɔ
Belluco;bəlykɔ
Chantal Deseyne;ʃɑ̃tal dɛzɛn
Deseyne;dəzɛn
Frédéric Mathieu;frederik matjœ
Mathieu;matjœ
Mickaël Cosson;mikkaə̈l kɔsɔ̃
Cosson;kɔsɔ̃
Christelle Petex;ʃristələ pɛtɛ
Petex;pətɛ
Pascal Lecamp;paskal lɛkɑ̃p
Lecamp;ləkɑ̃p
Jean-Gérard Paumier;ʒəɑ̃ʒerar pomí
Paumier;pomí
Bernard Buis;bɛrnar bɥi
Buis;bɥi
Stéphane Fouassin;stefanə fwasɛ̃
Fouassin;fwasɛ̃
Jocelyn Dessigny;ʒɔzɛlɛ̃ dɛsiɲi
Dessigny;dɛsiɲi
Amélia Lakrafi;amelia lakrafi
Lakrafi;lakrafi
Loïc Prud'homme;loik pry'ɔm
Prud'homme;pry'ɔm
Olivier Cadic;ɔliví kadik
Cadic;kadik
Soumya Bourouaha;sumia burwaa
Bourouaha;burwaa
Jiovanny William;ʒiɔvɑ̃ni wiliɑ̃
William;wiliɑ̃
Franck Dhersin;frɑ̃kk dɛrsɛ̃
Dhersin;dɛrsɛ̃
Agnès Carel;aɲɛ karɛl
Carel;karɛl
Éric Ciotti;erik siɔti
Ciotti;siɔti
Benjamin Lucas-Lundy;bɑ̃ʒamɛ̃ lykalœ̃di
Lucas-Lundy;lykalœ̃di
Toine Bourrat;twanə burra
Bourrat;burra
Jordan Guitton;ʒɔrdɑ̃ ɡyitɔ̃
Guitton;ɡyitɔ̃
Jocelyne Antoine;ʒɔzɛlin ɑ̃twan
Antoine;ɑ̃twan
Philippe Frei;filipə frɛ
Frei;frɛ
Yoann Gillet;iɔɑ̃n ʒilɛt
Gillet;ʒilɛt
Agnès Firmin Le Bodo;aɲɛ firmɛ̃ lə bɔdɔ
Firmin Le Bodo;firmɛ̃ lə bɔdɔ
Élisabeth Borne;elizabɛt bɔrn
Borne;bɔrn
Damien Adam;damiɑ̃ adɑ̃
Adam;adɑ̃
Valérie Boyer;valeri bwá
Éric Husson;erik ysɔ̃
Jean-Claude Tissot;ʒəɑ̃klodə tisɔ
Tissot;tisɔ
Nicole Bonnefoy;nikɔlə bɔ̃nɛfwa
Bonnefoy;bɔ̃nɛfwa
Éric Jeansannetas;erik ʒəɑ̃sɑ̃nɛta
Jeansannetas;ʒəɑ̃sɑ̃nɛta
Frédéric Petit;frederik pɛtit
Dominique de Legge;dɔminikə də lɛɡʒ
de Legge;də lɛɡʒ
Caroline Fiat;karɔlinə fia
Fiat;fia
Ronan Le Gleut;rɔnɑ̃ lə ɡlœ
Le Gleut;lə ɡlœ
Marie Pochon;mari pɔʃɔ̃
Pochon;pɔʃɔ̃
Jean-Luc Brault;ʒəɑ̃lyk brol
Brault;brol
Jacqueline Eustache-Brinio;ʒakkɛlin œstaʃəbriniɔ
Eustache-Brinio;œstaʃəbriniɔ
Raymonde Poncet Monge;rɛmɔ̃də pɔ̃sɛt mɔ̃ʒ
Poncet Monge;pɔ̃sɛt mɔ̃ʒ
Anne-Cécile Violland;ɑ̃nəkezilə viɔlɑ̃d
Violland;viɔlɑ̃d
Robert Wienie Xowie;rɔbɛr wiɛni xɔwi
Xowie;ksɔwi
Isabelle Raimond-Pavero;izabələ rɛmɔ̃dpavɛrɔ
Raimond-Pavero;rɛmɔ̃dpavɛrɔ
Thomas Ménagé;tɔma menaʒe
Ménagé;menaʒe
Yves Bleunven;yvə blœ̃vɑ̃
Bleunven;blœ̃vɑ̃
Christine Loir;ʃristinə lwar
Loir;lwar
Maryse Carrère;marisə karrɛr
Carrère;karrɛr
Patrice Perrot;patrizə pɛrrɔ
Valérie Bazin-Malgras;valeri bazɛ̃malɡra
Bazin-Malgras;bazɛ̃malɡra
Michèle Peyron;miʃɛlə pɛrɔ̃
Peyron;pɛrɔ̃
Philippe Gosselin;filipə ɡɔsɛlɛ̃
Annick Petrus;ɑ̃nikk pɛtry
Petrus;pɛtry
Davy Rimane;davi riman
Rimane;riman
Guillaume Garot;ɡyjomə ɡarɔ
Garot;ɡarɔ
Raquel Garrido;rakɛl ɡarridɔ
Garrido;ɡarridɔ
Bryan Masson;briɑ̃ masɔ̃
Jean-François Longeot;ʒəɑ̃frɑ̃swa lɔ̃ʒɔ
Longeot;lɔ̃ʒɔ
Hervé Saulignac;ɛrve soliɲak
Saulignac;soliɲak
Sophie Taillé-Polian;sɔfi taj́pɔliɑ̃
Taillé-Polian;taj́pɔliɑ̃
Victorin Lurel;viktɔrɛ̃ lyrɛl
Lurel;lyrɛl
Philippe Juvin;filipə ʒyvɛ̃
Juvin;ʒyvɛ̃
Catherine Colonna;katɛrinə kɔlɔ̃na
Colonna;kɔlɔ̃na
Denis Bernaert;dəni bɛrnaɛr
Bernaert;bɛrnaɛr
Alma Dufour;alma dyfur
Dufour;dyfur
Annick Jacquemet;ɑ̃nikk ʒakkəmɛt
Jacquemet;ʒakkəmɛt
Paul Vannier;pol vɑ̃ní
Vannier;vɑ̃ní
Hervé Gillé;ɛrve ʒile
Gillé;ʒile
Michel Canévet;miʃəl kanevɛt
Canévet;kanevɛt
Alain Houpert;alɛ̃ upɛr
Houpert;upɛr
Christophe Béchu;ʃristɔfə beʃy
Béchu;beʃy
Stéphane Vojetta;stefanə vɔʒɛta
Vojetta;vɔʒɛta
Bénédicte Taurine;benedit torin
Taurine;torin
Emmanuel Capus;ɑ̃manɥɛl kapy
Capus;kapy
Serge Muller;sɛrʒə myle
Muller;myle
Jean-Hugues Ratenon;ʒəɑ̃yɡɥɛ ratɛnɔ̃
Ratenon;ratɛnɔ̃
Bruno Rojouan;brynɔ rɔʒwɑ̃
Rojouan;rɔʒwɑ̃
Amélie Oudéa-Castéra;ameli udeakastera
Oudéa-Castéra;udeakastera
Emmanuel Lacresse;ɑ̃manɥɛl lakrɛs
Lacresse;lakrɛs
Charlotte Goetschy-Bolognese;ʃarlɔtə ɡɔɛtsʃibɔlɔɲɛz
Goetschy-Bolognese;ɡɔɛtsʃibɔlɔɲɛz
Catherine Couturier;katɛrinə kutyrí
Couturier;kutyrí
Sabine Van Heghe;sabinə vɑ̃ ɛɡ
Van Heghe;vɑ̃ ɛɡ
Marc Ferracci;mark fɛrraksi
Ferracci;fɛrraksi
Jean-Carles Grelier;ʒəɑ̃karlə ɡrɛlí
Grelier;ɡrəlí
Josy Poueyto;ʒɔsi pwɛtɔ
Poueyto;pwɛtɔ
Ludovic Mendes;lydɔvik mɑ̃d
Mendes;mɑ̃d
Marie-Claude Varaillas;mariklodə varaja
Varaillas;varaja
Marie-Christine Dalloz;mariʃristinə dalɔz
Dalloz;dalɔz
Emeric Salmon;əmɛrik salmɔ̃
Jean-François Lovisolo;ʒəɑ̃frɑ̃swa lɔvizɔlɔ
Lovisolo;lɔvizɔlɔ
Laurent Esquenet-Goxes;lor ɛskənətɡɔx
Esquenet-Goxes;ɛskənətɡɔx
Florian Chauche;flɔriɑ̃ ʃoʃ
Chauche;ʃoʃ
Annick Girardin;ɑ̃nikk ʒirardɛ̃
Girardin;ʒirardɛ̃
Samantha Cazebonne;samɑ̃ta kazɛbɔ̃n
Cazebonne;kazɛbɔ̃n
Perrine Goulet;pɛrrinə ɡulɛt
Jean-Philippe Tanguy;ʒəɑ̃filipə tɑ̃ɡyi
Maud Petit;mo pɛtit
Max Mathiasin;ma matiazɛ̃
Mathiasin;matiazɛ̃
Emmanuelle Anthoine;ɑ̃manɥɛl ɑ̃twan
Anthoine;ɑ̃twan
Antoine Armand;ɑ̃twan armɑ̃d
Armand;armɑ̃d
Catherine Dumas;katɛrinə dyma
Dumas;dyma
Éliane Assassi;elian asasi
Assassi;asasi
Mickaël Bouloux;mikkaə̈l bulu
Michel Lauzzana;miʃɛl lozzana
Lauzzana;lozzana
Vincent Louault;vɛ̃kɛn lwol
Louault;lwol
Vincent Thiébaut;vɛ̃kɛn tíbo
Thiébaut;tíbo
Delphine Lingemann;dɛlfinə lɛ̃ʒɛmɑ̃n
Lingemann;lɛ̃ʒɛmɑ̃n
Nicolas Meizonnet;nikɔla mɛzɔ̃nɛt
Meizonnet;mɛzɔ̃nɛt
Isabelle Périgault;izabɛlə periɡol
Périgault;periɡol
Laurent Burgoa;lorə byrɡɔa
Burgoa;byrɡɔa
Michel Laugier;miʃɛl loʒí
Laugier;loʒí
Jorys Bovet;ʒɔri bɔvɛt
Bovet;bɔvɛt
Mathilde Hignet;matildə iɲɛt
Hignet;iɲɛt
Maud Gatel;mo ɡatɛl
Mathieu Lefèvre;matjœ lɛfɛvr
Philippe Schreck;filipə sʃrɛkk
Schreck;sʃrɛkk
Anne-Marie Nédélec;ɑ̃nəmari nedelɛk
Nédélec;nedelɛk
Jérôme Durain;ʒeromə dyrɛ̃
Durain;dyrɛ̃
Lionel Vuibert;liɔnɛl vɥibɛr
Vuibert;vɥibɛr
Loïc Hervé;loik ɛrve
Hervé;ɛrve
Pierre Louault;piɛrrə lwol
Thomas Dossus;tɔma dɔsy
Dossus;dɔsy
Véronique Louwagie;verɔnikə luwaʒi
Louwagie;luwaʒi
Paul Molac;pol mɔlak
Molac;mɔlak
Béatrice Roullaud;beatrizə rulo
Roullaud;rulo
Gérard Longuet;ʒerar lɔ̃ɡyɛt
Longuet;lɔ̃ɡyɛt
Sylvie Vermeillet;silvi vɛrmɛj
Vermeillet;vɛrmɛj
Olivier Serva;ɔliví sɛrva
Serva;sɛrva
Françoise Férat;frɑ̃swazə fera
Férat;fera
Sophia Chikirou;sɔfia ʃikiru
Chikirou;ʃikiru
Rémy Rebeyrotte;remi rɛbɛrɔt
Rebeyrotte;rəbɛrɔt
Georges Patient;ʒɔrʒ patjɛ̃
Patient;patjɛ̃
Philippe Mouiller;filipə mujr
Mouiller;mujr
Jocelyne Guidez;ʒɔzɛlinə ɡyide
Guidez;ɡyide
Ludovic Haye;lydɔvik ɛ
Haye;ɛ
Stéphane Delautrette;stefanə dɛlotrɛt
Delautrette;dəlotrɛt
Christophe Naegelen;ʃristɔfə naəʒɛlɑ̃
Naegelen;naəʒɛlɑ̃
Michel Guiniot;miʃɛl ɡyiniɔ
Guiniot;ɡyiniɔ
Olivier Faure;ɔliví for
Faure;for
Alain David;alɛ̃ davi
David;davi
Perceval Gaillard;pɛrkɛval ɡajar
Gaillard;ɡajar
Dominique Faure;dɔminikə for
Jean-Christophe Combe;ʒəɑ̃ʃristɔfə kɔ̃b
Combe;kɔ̃b
Huguette Tiegna;yɡyɛtə tjɛɲa
Tiegna;tjɛɲa
Ahmed Laouedj;amɛ lawɛdʒ
Laouedj;lawɛdʒ
Jean-Charles Larsonneur;ʒəɑ̃ʃarl larsɔ̃nœr
Larsonneur;larsɔ̃nœr
Corinne Vignon;kɔrɛ̃nə viɲɔ̃
Vignon;viɲɔ̃
Olivier Véran;ɔliví verɑ̃
Véran;verɑ̃
Claire Guichard;klɛrə ɡyiʃar
Guichard;ɡyiʃar
Benjamin Saint-Huile;bɑ̃ʒamɛ̃ sɛ̃yj
Saint-Huile;sɛ̃yj
Fanta Berete;fɑ̃ta bərɛt
Berete;bərɛt
Marta de Cidrac;marta də sidrak
de Cidrac;də sidrak
Sylvie Retailleau;silvi rɛtajo
Éric Coquerel;erik kɔkərɛl
Coquerel;kɔkərɛl
Arnaud de Belenet;arno də bələnɛt
de Belenet;də bələnɛt
Joëlle Garriaud-Maylam;ʒɔɛlə ɡarriomɛlɑ̃
Garriaud-Maylam;ɡarriomɛlɑ̃
Serge Babary;sɛrʒə babari
Babary;babari
Didier Martin;didí martɛ̃
Emmanuel Macron;ɑ̃manɥɛl makrɔ̃
Macron;makrɔ̃
Aurélie Trouvé;oreli truve
Trouvé;truve
Sarah Legrain;sara lɛɡrɛ̃
Legrain;lɛɡrɛ̃
Graziella Melchior;ɡraziɛla mɛlʃiɔr
Melchior;mɛlʃiɔr
Patrice Joly;patrizə ʒɔli
Joly;ʒɔli
Isabelle Santiago;izabɛlə sɑ̃tjaɡɔ
Santiago;sɑ̃tjaɡɔ
Gilbert Favreau;ʒilbɛr favro
Favreau;favro
Sandrine Rousseau;sɑ̃drinə ruso
Sarah El Haïry;sara ɛl airi
El Haïry;əl airi
Sébastien Fagnen;sebastjɑ̃ faɲɑ̃
Fagnen;faɲɑ̃
Sonia Backès;sɔnia bakkɛ
Backès;bakkɛ
Jean-François Portarrieu;ʒəɑ̃frɑ̃swa pɔrtarrjœ
Portarrieu;pɔrtarrjœ
Benjamin Dirx;bɑ̃ʒamɛ̃ dirx
Dirx;dirx
Jean-Michel Arnaud;ʒəɑ̃miʃɛl arno
Arnaud;arno
Ingrid Dordain;ɛ̃ɡri dɔrdɛ̃
Dordain;dɔrdɛ̃
Félicie Gérard;felizi ʒerar
Florent Boudié;flɔrə budí
Boudié;budí
Jean-Noël Cardoux;ʒəɑ̃nɔɛl kardu
Cardoux;kardu
François Bonhomme;frɑ̃swa bɔnɔm
Bonhomme;bɔnɔm
Marc Le Fur;mark lə fyr
Le Fur;lə fyr
Philippe Ballard;filipə balar
Ballard;balar
Louis Margueritte;lwi marɡyɛrit
Margueritte;marɡyɛrit
Joël Labbé;ʒɔɛl labe
Labbé;labe
Christine Engrand;ʃristin ɑ̃ɡrɑ̃d
Engrand;ɑ̃ɡrɑ̃d
Alexandre Holroyd;alɛxɑ̃dr ɔlrwa
Holroyd;ɔlrwa
Alain Duffourg;alɛ̃ dyfurɡ
Duffourg;dyfurɡ
Laurent Marcangeli;lorə markɑ̃ʒɛli
Marcangeli;markɑ̃ʒɛli
Natalia Pouzyreff;natalia puzirɛf
Pouzyreff;puzirɛf
Virginie Lanlo;virʒini lɑ̃lɔ
Lanlo;lɑ̃lɔ
Laurence Rossignol;lorɑ̃sə rɔsiɲɔl
Rossignol;rɔsiɲɔl
Daniel Chasseing;daniɛl ʃasɛ̃ɡ
Chasseing;ʃasɛ̃ɡ
Jacques Grosperrin;ʒakk ɡrɔspɛrrɛ̃
Grosperrin;ɡrɔspɛrrɛ̃
Guillaume Gouffier Valente;ɡyjomə ɡufí valɑ̃t
Gouffier Valente;ɡufí valɑ̃t
Sophie Mette;sɔfi mɛt
Mette;mɛt
Philippe Nachbar;filipə naʃbar
Nachbar;naʃbar
Sandrine Josso;sɑ̃drinə ʒɔsɔ
Josso;ʒɔsɔ
Sébastien Chenu;sebastjɑ̃ ʃɛny
Chenu;ʃəny
Marjolaine Meynier-Millefert;marʒɔlɛnə mɛnímilɛfɛr
Meynier-Millefert;mɛnímilɛfɛr
Éric Woerth;erik wɔɛrt
Woerth;wɔɛrt
Jérôme Legavre;ʒeromə lɛɡavr
Legavre;ləɡavr
Elie Califer;əli kalife
Califer;kalife
Sylvie Ferrer;silvi fɛrre
Ferrer;fɛrre
Alain Marc;alɛ̃ mark
Marc;mark
Pierrick Berteloot;piɛrrikk bɛrtɛlɔɔ
Berteloot;bɛrtɛlɔɔ
Jean-Pierre Vigier;ʒəɑ̃piɛrrə viʒí
Jérôme Guedj;ʒeromə ɡyɛdʒ
Guedj;ɡyɛdʒ
François Bonneau;frɑ̃swa bɔ̃no
Bonneau;bɔ̃no
Stéphane Artano;stefan artanɔ
Artano;artanɔ
Hervé de Lépinau;ɛrve də lepino
de Lépinau;də lepino
Bénédicte Auzanot;benedit ozanɔ
Auzanot;ozanɔ
Pierre-Alain Roiron;piɛrrəalɛ̃ rwarɔ̃
Roiron;rwarɔ̃
Patrick Vignal;patrikk viɲal
Vignal;viɲal
Pascal Martin;paskal martɛ̃
Colette Mélot;kɔlɛtə melɔ
Mélot;melɔ
Marie Lebec;mari ləbɛk
Lebec;ləbɛk
Vincent Éblé;vɛ̃kɛn eble
Éblé;eble
Élise Leboucher;elizə lɛbuʃe
Leboucher;ləbuʃe
Michel Castellani;miʃəl kastɛlani
Castellani;kastɛlani
Jacques-Bernard Magner;ʒakkbɛrnar maɲe
Magner;maɲe
Jean-Baptiste Lemoyne;ʒəɑ̃baptistə lɛmwan
Lemoyne;ləmwan
Alexandre Ouizille;alɛxɑ̃drə wizij
Ouizille;wizij
Marie-Pierre Richer;maripiɛrrə riʃe
Richer;riʃe
Hubert Ott;ybɛr ɔ
Ott;ɔ
Karl Olive;karl ɔliv
Olive;ɔliv
Philippe Emmanuel;filip ɑ̃manɥɛl
Emmanuel;ɑ̃manɥɛl
Anne Le Hénanff;ɑ̃nə l enɑ̃f
Le Hénanff;l enɑ̃f
Sylvie Bonnet;silvi bɔ̃nɛt
Bonnet;bɔ̃nɛt
Béatrice Piron;beatrizə pirɔ̃
Piron;pirɔ̃
Benjamin Haddad;bɑ̃ʒamɛ̃ ada
Haddad;ada
Anne-Catherine Loisier;ɑ̃nəkatɛrinə lwazí
Loisier;lwazí
Brigitte Devésa;briʒitə dɛveza
Devésa;dəveza
Claudia Rouaux;klodia rwo
Rouaux;rwo
Éric Poulliat;erik pulia
Poulliat;pulia
Laurence Muller-Bronn;lorɑ̃sə mylebrɔ̃n
Muller-Bronn;mylebrɔ̃n
Jérôme Nury;ʒeromə nyri
Nury;nyri
Nicolas Pacquot;nikɔla pakkɔ
Pacquot;pakkɔ
Didier Marie;didí mari
Marie;mari
Cécile Rilhac;sesilə rilak
Rilhac;rilak
Céline Brulin;selinə brylɛ̃
Brulin;brylɛ̃
Denis Masséglia;dəni maseɡlia
Masséglia;maseɡlia
Christine Lavarde;ʃristinə lavard
Lavarde;lavard
Marie-Pierre Rixain;maripiɛrrə rixɛ̃
Rixain;rixɛ̃
Philippe Lottiaux;filipə lɔtio
Lottiaux;lɔtio
Frédéric Buval;frederik byval
Buval;byval
Yannick Haury;iɑ̃nikk ori
Haury;ori
Jérémie Patrier-Leitus;ʒeremi patrílɛty
Patrier-Leitus;patrílɛty
Jean-Pierre Bansard;ʒəɑ̃piɛrrə bɑ̃sar
Bansard;bɑ̃sar
Florence Lassarade;flɔrɑ̃sə lasarad
Lassarade;lasarad
Emmanuel Blairy;ɑ̃manɥɛl blɛri
Blairy;blɛri
Christian Redon-Sarrazy;ʃristjɑ̃ rɛdɔ̃sarrazi
Redon-Sarrazy;rədɔ̃sarrazi
Corinne Narassiguin;kɔrɛ̃nə narasiɡɥɛ̃
Narassiguin;narasiɡɥɛ̃
Amel Gacquerre;amɛl ɡakkɛrr
Gacquerre;ɡakkɛrr
Dany Wattebled;dani watɛblɛ
Wattebled;watɛblɛ
Audrey Bélim;odrɛ belɛ̃
Bélim;belɛ̃
Julie Lechanteux;ʒyli lɛʃɑ̃tœ
Lechanteux;ləʃɑ̃tœ
Dominique Théophile;dɔminikə teɔfil
Théophile;teɔfil
Ersilia Soudais;ɛrsilia sudɛ
Soudais;sudɛ
Stéphane Travert;stefanə travɛr
Travert;travɛr
Paul Toussaint Parigi;pol tusɛ̃ pariʒi
Parigi;pariʒi
Virginie Duby-Muller;virʒini dybimyle
Duby-Muller;dybimyle
Jacqueline Maquet;ʒakkəlinə makɛt
Sandrine Dogor-Such;sɑ̃drinə dɔɡɔrsyʃ
Dogor-Such;dɔɡɔrsyʃ
Fabrice Le Vigoureux;fabrizə lə viɡurœ
Le Vigoureux;lə viɡurœ
Caroline Parmentier;karɔlinə parmɑ̃tje
Parmentier;parmɑ̃tje
Jean-Pierre Pont;ʒəɑ̃piɛrrə pɔ̃t
Pont;pɔ̃t
Jean Sol;ʒəɑ̃ sɔl
Sol;sɔl
Didier Padey;didí padɛ
Padey;padɛ
Christine Pires Beaune;ʃristinə pir bon
Pires Beaune;pir bon
Guylène Pantel;ɡɥilɛnə pɑ̃tɛl
Pantel;pɑ̃tɛl
Jean-Luc Fichet;ʒəɑ̃lyk fiʃɛt
Fichet;fiʃɛt
Philippe Naillet;filipə naj
Naillet;naj
Simon Uzenat;simɔ̃ yzɛna
Uzenat;yzɛna
Christian Klinger;ʃristjɑ̃ klɛ̃ʒe
Klinger;klɛ̃ʒe
Géraldine Grangier;ʒeraldinə ɡrɑ̃ʒí
Grangier;ɡrɑ̃ʒí
Abdallah Hassani;abdala asani
Hassani;asani
Marion Canalès;mariɔ̃ kanalɛ
Canalès;kanalɛ
Jean-Baptiste Blanc;ʒəɑ̃baptistə blɑ̃
Idir Boumertit;idir bumɛrtit
Boumertit;bumɛrtit
René Pilato;rəne pilatɔ
Pilato;pilatɔ
Laurence Garnier;lorɑ̃sə ɡarní
Garnier;ɡarní
Jean-Marc Tellier;ʒəɑ̃mark tɛlí
Tellier;təlí
Claude Nougein;klodə nuʒɛ̃
Nougein;nuʒɛ̃
Vincent Capo-Canellas;vɛ̃kɛn kapɔkanɛla
Capo-Canellas;kapɔkanɛla
Hugues Saury;yɡy sori
Saury;sori
Jean-Luc Ruelle;ʒəɑ̃lyk rɥɛl
Ruelle;rɥəl
Catherine Jaouen;katɛrinə ʒawɑ̃
Jaouen;ʒawɑ̃
Carole Grandjean;karɔlə ɡrɑ̃dʒəɑ̃
Grandjean;ɡrɑ̃dʒəɑ̃
William Martinet;wiliɑ̃ martinɛt
Martinet;martinɛt
Monique Lubin;mɔnikə lybɛ̃
Lubin;lybɛ̃
Jean-Marc Boyer;ʒəɑ̃mark bwá
Stéphane Ravier;stefanə raví
Ravier;raví
Patricia Lemoine;patrizia lɛmwan
Lemoine;ləmwan
Guillaume Vuilletet;ɡyjomə vyjtɛt
Vuilletet;vyjtɛt
Henri Alfandari;ɑ̃ri alfɑ̃dari
Alfandari;alfɑ̃dari
Serge Mérillou;sɛrʒə merilu
Mérillou;merilu
Christopher Szczurek;ʃristɔfe szkzyrɛk
Szczurek;szkzyrɛk
Thibaut François;tibo frɑ̃swa
François;frɑ̃swa
Rachida Dati;raʃida datj
Dati;datj
David Habib;davi abib
Gilbert-Luc Devinaz;ʒilbɛrlyk dɛvinaz
Devinaz;dəvinaz
Alexandra Borchio Fontimp;alɛxɑ̃dra bɔrʃiɔ fɔ̃tɛ̃p
Borchio Fontimp;bɔrʃiɔ fɔ̃tɛ̃p
Frédéric Maillot;frederik majɔ
Maillot;majɔ
Aymeric Durox;ɛmɛrik dyrɔ
Durox;dyrɔ
Caroline Janvier;karɔlinə ʒɑ̃ví
Janvier;ʒɑ̃ví
Louis-Jean de Nicolaÿ;lwiʒəɑ̃ də nikɔlai
de Nicolaÿ;də nikɔlai
René-Paul Savary;rənepol savari
Savary;savari
Catherine Morin-Desailly;katərinə mɔrɛ̃dɛzaji
Morin-Desailly;mɔrɛ̃dɛzaji
Nicole Belloubet;nikɔlə bəlubɛt
Belloubet;bəlubɛt
Louise Morel;lwizə mɔrɛl
Morel;mɔrɛl
Teva Rohfritsch;təva rɔfritsʃ
Rohfritsch;rɔfritsʃ
Bruno Millienne;brynɔ miliɑ̃n
Millienne;miliɑ̃n
David Ros;davi rɔ
Ros;rɔ
Vincent Descoeur;vɛ̃kɛn dɛzœr
Descoeur;dəzœr
Sandra Regol;sɑ̃dra rɛɡɔl
Regol;rəɡɔl
Micheline Jacques;miʃəlinə ʒakk
Arthur Delaporte;artyr dɛlapɔrt
Delaporte;dəlapɔrt
Charles de Courson;ʃarl də kursɔ̃
de Courson;də kursɔ̃
Mereana Reid Arbelot;mərəana rɛ arbɛlɔ
Reid Arbelot;rɛ arbɛlɔ
Patrice Vergriete;patrizə vɛrɡriɛt
Vergriete;vɛrɡriɛt
Claude Malhuret;klodə malyrɛt
Malhuret;malyrɛt
Éric Girardin;erik ʒirardɛ̃
Danièle Obono;danìl ɔbɔnɔ
Obono;ɔbɔnɔ
Stéphane Séjourné;stefanə seʒurne
Séjourné;seʒurne
Brigitte Bourguignon;briʒitə burɡyiɲɔ̃
Bourguignon;burɡyiɲɔ̃
Alexandre Vincendet;alɛxɑ̃drə vɛ̃kɑ̃dɛt
Vincendet;vɛ̃kɑ̃dɛt
Emmanuel Taché de la Pagerie;ɑ̃manɥəl taʃe də la paʒɛri
Taché de la Pagerie;taʃe də la paʒɛri
Pascal Savoldelli;paskal savɔldɛli
Savoldelli;savɔldɛli
Michaël Taverne;miʃaə̈l tavɛrn
Taverne;tavɛrn
Jean-Pierre Cubertafon;ʒəɑ̃piɛrrə kybɛrtafɔ̃
Cubertafon;kybɛrtafɔ̃
François Cormier-Bouligeon;frɑ̃swa kɔrmíbuliʒɔ̃
Cormier-Bouligeon;kɔrmíbuliʒɔ̃
Corinne Imbert;kɔrɛ̃n ɛ̃bɛr
Imbert;ɛ̃bɛr
Lysiane Métayer;lisianə metɛ́
Métayer;metɛ́
Vincent Seitlinger;vɛ̃kɛn sɛtlɛ̃ʒe
Seitlinger;sɛtlɛ̃ʒe
Jean-Louis Bourlanges;ʒəɑ̃lwi burlɑ̃ʒ
Bourlanges;burlɑ̃ʒ
André Villiers;ɑ̃dre viliɛr
Villiers;viliɛr
Gisèle Lelouis;ʒizɛlə lɛlwi
Lelouis;lɛlwi
